"Source:","/opt/work-iot/auto_close_window/schematics/main-module/main-module.kicad_sch"
"Date:","Ср 13 сен 2023 11:27:21"
"Tool:","Eeschema 7.0.7-7.0.7~ubuntu22.04.1"
"Generator:","/usr/share/kicad/plugins/bom_csv_grouped_by_value_with_fp.py"
"Component Count:","107"
"Ref","Qnty","Value","Cmp name","Footprint","Description","Vendor","DNP"
"C1","1","2.2 uF","C","Capacitor_SMD:C_0603_1608Metric","Unpolarized capacitor","",""
"C2, C10, C11, C12, C13, C21, C27, C28, C30, C33","10","22 uF","C","Capacitor_SMD:C_1210_3225Metric","Unpolarized capacitor","",""
"C3, C5, C7, C34","4","10 uF","C","Capacitor_SMD:C_0603_1608Metric","Unpolarized capacitor","",""
"C4, C6, C14, C17, C32","5","1000 uF","C_Polarized","Capacitor_THT:CP_Radial_D8.0mm_P3.50mm","Polarized capacitor","",""
"C8, C18","2","1 uF","C","Capacitor_SMD:C_0603_1608Metric","Unpolarized capacitor","",""
"C9","1","400 pF","C","Capacitor_SMD:C_0603_1608Metric","Unpolarized capacitor","",""
"C15, C16, C22, C23, C25, C35, C36","7","100 nF","C","Capacitor_SMD:C_0603_1608Metric","Unpolarized capacitor","",""
"C19, C20","2","100 uF","C_Polarized","Capacitor_THT:CP_Radial_D6.3mm_P2.50mm","Polarized capacitor","",""
"C24","1","1 nF","C","Capacitor_SMD:C_0603_1608Metric","Unpolarized capacitor","",""
"C26","1","500 nF","C","Capacitor_SMD:C_0603_1608Metric","Unpolarized capacitor","",""
"C29","1","0.1 uF","C","Capacitor_SMD:C_0603_1608Metric","Unpolarized capacitor","",""
"C31","1","100 uF","C","Capacitor_SMD:C_0603_1608Metric","Unpolarized capacitor","",""
"D1, D2, D4","3","SMAJ26A","ESD9B3.3ST5G","Diode_SMD:D_SMA","ESD protection diode, 3.3Vrwm, SOD-923","",""
"D3","1","US1M","D","Diode_SMD:D_SMA","Diode","",""
"D5","1","HER508","D","Diode_THT:D_DO-201AD_P3.81mm_Vertical_AnodeUp","Diode","",""
"D6","1","LED","LED","LED_THT:LED_D1.8mm_W3.3mm_H2.4mm","Light emitting diode","",""
"D7","1","MB10S","D_Bridge_+-AA","Library:MBS","Diode bridge, +ve/-ve/AC/AC","",""
"F1","1","6A","Fuse","Library:FuseHolder1808","Fuse","",""
"F2","1","3A","Fuse","Library:FuseHolder1808","Fuse","",""
"J1","1","Conn_01x02_Socket","Conn_01x02_Socket","Connector_JST:JST_XH_B2B-XH-A_1x02_P2.50mm_Vertical","Generic connector, single row, 01x02, script generated","",""
"J2","1","USB_C_Receptacle_USB2.0","USB_C_Receptacle_USB2.0","Library:USB_C_P16_MIDMOUNT_1.6","USB 2.0-only Type-C Receptacle connector","",""
"J3","1","Charger","Conn_01x02_Socket","Connector_PinSocket_2.54mm:PinSocket_1x02_P2.54mm_Vertical","Generic connector, single row, 01x02, script generated","",""
"J4","1","Power","Conn_01x02_Pin","Connector_PinSocket_2.54mm:PinSocket_1x02_P2.54mm_Vertical","Generic connector, single row, 01x02, script generated","",""
"J5","1","Conn_01x04_Socket","Conn_01x04_Socket","Connector_JST:JST_XH_B4B-XH-A_1x04_P2.50mm_Vertical","Generic connector, single row, 01x04, script generated","",""
"J6","1","Conn_01x04_Pin","Conn_01x04_Pin","","Generic connector, single row, 01x04, script generated","","DNP"
"JP1","1","Charge from flusher","SolderJumper_2_Open","Library:SolderedJumper-2P-2mm","Solder Jumper, 2-pole, open","",""
"JP2","1","FLUSH","SolderJumper_2_Open","Jumper:SolderJumper-2_P1.3mm_Open_TrianglePad1.0x1.5mm","Solder Jumper, 2-pole, open","",""
"JP3","1","RESET","SolderJumper_2_Open","Jumper:SolderJumper-2_P1.3mm_Open_TrianglePad1.0x1.5mm","Solder Jumper, 2-pole, open","",""
"L1","1","AMPLF0630, 8,2uH","L","Inductor_SMD:L_Abracon_ASPI-0630LR","Inductor","",""
"M1","1","Creality 42-40","Stepper_Motor_bipolar","","4-wire bipolar stepper motor","","DNP"
"Q1, Q6","2","IRLML0030","IRLML0030","Package_TO_SOT_SMD:SOT-23","5.3A Id, 30V Vds, 27mOhm Rds, N-Channel HEXFET Power MOSFET, SOT-23","",""
"Q2","1","IRLML5203","IRLML5203","Package_TO_SOT_SMD:SOT-23","-3.0A Id, -30V Vds, 98mOhm Rds, P-Channel HEXFET Power MOSFET, SOT-23","",""
"Q3, Q4","2","BC847","BC847","Package_TO_SOT_SMD:SOT-23","0.1A Ic, 45V Vce, NPN Transistor, SOT-23","",""
"Q5","1","IRF7425PbF","IRF7404","Package_SO:SOIC-8_3.9x4.9mm_P1.27mm","-6.7A Id, -20V Vds, P-Channel HEXFET Power MOSFET, SO-8","",""
"Q7, Q8","2","IRF7832PbF","IRF7403","Package_SO:SOIC-8_3.9x4.9mm_P1.27mm","9.7A Id, 30V Vds, N-Channel HEXFET Power MOSFET, SO-8","",""
"R1","1","22K","R","Resistor_SMD:R_0805_2012Metric","Resistor","",""
"R2","1","44K","R","Resistor_SMD:R_0805_2012Metric","Resistor","",""
"R3, R6, R7, R9, R12, R13, R14, R19, R21","9","10K","R","Resistor_SMD:R_0805_2012Metric","Resistor","",""
"R4, R5, R10, R15, R16, R17, R20","7","1K","R","Resistor_SMD:R_0805_2012Metric","Resistor","",""
"R11, R18","2","5K1","R","Resistor_SMD:R_0805_2012Metric","Resistor","",""
"RV1","1","30K","R_Potentiometer","Potentiometer_THT:Potentiometer_Runtron_RM-065_Vertical","Potentiometer","",""
"RV2","1","1K","R_Potentiometer","Potentiometer_THT:Potentiometer_Runtron_RM-065_Vertical","Potentiometer","",""
"SW1","1","KLS7-TS6601-7.0-180","SW_Push","Button_Switch_THT:SW_PUSH_6mm_H5mm","Push button switch, generic, two pins","",""
"SW2","1","KLS7-TS3601-5.0-180","SW_Push","Library:SW_PUSH_P6.5_W3.5","Push button switch, generic, two pins","",""
"T1","1","Transformer_1P_SS","Transformer_1P_SS","Connector_JST:JST_XH_B5B-XH-A_1x05_P2.50mm_Vertical","Transformer, single primary, split secondary","",""
"TP1, TP4","2","GND","TestPoint","TestPoint:TestPoint_Plated_Hole_D2.0mm","test point","",""
"TP2","1","+5V","TestPoint","TestPoint:TestPoint_Pad_D1.0mm","test point","",""
"TP3","1","+3V3","TestPoint","TestPoint:TestPoint_Pad_D1.0mm","test point","",""
"TP5","1","VREF","TestPoint","TestPoint:TestPoint_Pad_D1.0mm","test point","",""
"U1","1","CP2102N-Axx-xQFN28","CP2102N-Axx-xQFN28","Package_DFN_QFN:QFN-28-1EP_5x5mm_P0.5mm_EP3.35x3.35mm","USB to UART master bridge, QFN-28","",""
"U2","1","MC34063AD","MC34063AD","Package_SO:SOP-8_3.9x4.9mm_P1.27mm","1.5A, step-up/down/inverting switching regulator, 3-40V Vin, 100kHz, SO-8","",""
"U3","1","AMS1117-5.0","AMS1117-5.0","Package_TO_SOT_SMD:SOT-223-3_TabPin2","1A Low Dropout regulator, positive, 5.0V fixed output, SOT-223","",""
"U4","1","AMS1117-3.3","AMS1117-3.3","Package_TO_SOT_SMD:SOT-223-3_TabPin2","1A Low Dropout regulator, positive, 3.3V fixed output, SOT-223","",""
"U5, U9","2","SRX882@433Mhz","SRX882","Library:SRX882_Vertical","","",""
"U6","1","STX882@433Mhz","STX882","Library:STX882_Vertical","","",""
"U7","1","ESP32-WROOM-32","ESP32-WROOM-32","RF_Module:ESP32-WROOM-32","RF Module, ESP32-D0WDQ6 SoC, Wi-Fi 802.11b/g/n, Bluetooth, BLE, 32-bit, 2.7-3.6V, onboard antenna, SMD","",""
"U8","1","TL494","TL494","Package_SO:SO-16_3.9x9.9mm_P1.27mm","Pulse-Width-Modulation Control Circuits, PDIP-16/SOIC-16/TSSOP-16","",""
"U10, U11, U13","3","FAN3100","FAN3100","Package_TO_SOT_SMD:SOT-23-5","","",""
"U12","1","TMC2209_Module","TMC2209_Module","Library:TMC2209","https://3dtoday.ru/upload/posts/main/jvm2GKLWPIfGRwuSMjZmxTKwaNKRceVa6pa1KJ9i.jpeg","",""
